"DESCRIPTION","DURATION IN MS","NAME","PARENT SUITE","START TIME","STATUS","STOP TIME","SUB SUITE","SUITE","TEST CLASS","TEST METHOD"
"","9","ServicesUnitTests.ServiceTests.PlayerParticipationServiceTests.PlayerParticipationServiceTestsGetLeaderboard","","Fri Nov 21 13:39:42 UTC 2025","passed","Fri Nov 21 13:39:42 UTC 2025","","","ServicesUnitTests.ServiceTests.PlayerParticipationServiceTests","ServicesUnitTests.ServiceTests.PlayerParticipationServiceTests.PlayerParticipationServiceTestsGetLeaderboard"
"","5","ServicesUnitTests.ServiceTests.CompetitionServiceTests.CompetitionServiceTestGetCompetition","","Fri Nov 21 13:39:42 UTC 2025","passed","Fri Nov 21 13:39:42 UTC 2025","","","ServicesUnitTests.ServiceTests.CompetitionServiceTests","ServicesUnitTests.ServiceTests.CompetitionServiceTests.CompetitionServiceTestGetCompetition"
"","25","ServicesUnitTests.ServiceTests.RewardDescriptionServiceTests.RewardDescriptionServiceTestsCreateRewardDescription","","Fri Nov 21 13:39:42 UTC 2025","passed","Fri Nov 21 13:39:42 UTC 2025","","","ServicesUnitTests.ServiceTests.RewardDescriptionServiceTests","ServicesUnitTests.ServiceTests.RewardDescriptionServiceTests.RewardDescriptionServiceTestsCreateRewardDescription"
"","70","ServicesUnitTests.ServiceTests.RewardDescriptionServiceTests.RewardDescriptionServiceTestsGetRewardIcon","","Fri Nov 21 13:39:41 UTC 2025","passed","Fri Nov 21 13:39:42 UTC 2025","","","ServicesUnitTests.ServiceTests.RewardDescriptionServiceTests","ServicesUnitTests.ServiceTests.RewardDescriptionServiceTests.RewardDescriptionServiceTestsGetRewardIcon"
"","3","ServicesUnitTests.ServiceTests.PlayerParticipationServiceTests.PlayerParticipationServiceTestsGetParticipation","","Fri Nov 21 13:39:42 UTC 2025","passed","Fri Nov 21 13:39:42 UTC 2025","","","ServicesUnitTests.ServiceTests.PlayerParticipationServiceTests","ServicesUnitTests.ServiceTests.PlayerParticipationServiceTests.PlayerParticipationServiceTestsGetParticipation"
"","0","ServicesUnitTests.ValidatorTests.PlayerProfileValidatorTests.CheckAccount(Account comp, Boolean expected)","","Fri Nov 21 13:39:42 UTC 2025","passed","Fri Nov 21 13:39:42 UTC 2025","","","ServicesUnitTests.ValidatorTests.PlayerProfileValidatorTests","ServicesUnitTests.ValidatorTests.PlayerProfileValidatorTests.CheckAccount(comp: Account { Email = """", Id = null, Login = """" }, expected: False)"
"","1","ServicesUnitTests.ValidatorTests.PlayerProfileValidatorTests.CheckPlayerProfile(PlayerProfile comp, Boolean expected)","","Fri Nov 21 13:39:42 UTC 2025","passed","Fri Nov 21 13:39:42 UTC 2025","","","ServicesUnitTests.ValidatorTests.PlayerProfileValidatorTests","ServicesUnitTests.ValidatorTests.PlayerProfileValidatorTests.CheckPlayerProfile(comp: PlayerProfile { Description = ""*"", Id = 0, Name = ""*****************"" }, expected: False)"
"","42","IntegrationalTests.AuthIntegrationTests.LogIn","","Fri Nov 21 13:42:07 UTC 2025","passed","Fri Nov 21 13:42:07 UTC 2025","","","IntegrationalTests.AuthIntegrationTests","IntegrationalTests.AuthIntegrationTests.LogIn"
"","4","ServicesUnitTests.ServiceTests.CompetitionRewardServiceTests.CompetitionRewardServiceTestsRemoveCompetitionReward(Int32 etalon)","","Fri Nov 21 13:39:42 UTC 2025","passed","Fri Nov 21 13:39:42 UTC 2025","","","ServicesUnitTests.ServiceTests.CompetitionRewardServiceTests","ServicesUnitTests.ServiceTests.CompetitionRewardServiceTests.CompetitionRewardServiceTestsRemoveCompetitionReward(etalon: 1)"
"","0","ServicesUnitTests.ValidatorTests.PlayerProfileValidatorTests.CheckAccountCreation(AccountCreationData comp, Boolean expected)","","Fri Nov 21 13:39:42 UTC 2025","passed","Fri Nov 21 13:39:42 UTC 2025","","","ServicesUnitTests.ValidatorTests.PlayerProfileValidatorTests","ServicesUnitTests.ValidatorTests.PlayerProfileValidatorTests.CheckAccountCreation(comp: AccountCreationData { Account = CompetitiveBackend.Core.Objects.Account, Password = 123a5678 }, expected: False)"
"","10","ServicesUnitTests.ServiceTests.PlayerRewardServiceTests.PlayerRewardServiceTestGetAllRewardsOf","","Fri Nov 21 13:39:42 UTC 2025","passed","Fri Nov 21 13:39:42 UTC 2025","","","ServicesUnitTests.ServiceTests.PlayerRewardServiceTests","ServicesUnitTests.ServiceTests.PlayerRewardServiceTests.PlayerRewardServiceTestGetAllRewardsOf"
"","0","ServicesUnitTests.ValidatorTests.PasswordConstraintTests.LettersPasswordTest(String password, Boolean isValid)","","Fri Nov 21 13:39:42 UTC 2025","passed","Fri Nov 21 13:39:42 UTC 2025","","","ServicesUnitTests.ValidatorTests.PasswordConstraintTests","ServicesUnitTests.ValidatorTests.PasswordConstraintTests.LettersPasswordTest(password: """", isValid: False)"
"","4","ServicesUnitTests.ServiceTests.CompetitionServiceTests.CompetitionServiceTestsCreateCompetitionOK","","Fri Nov 21 13:39:42 UTC 2025","passed","Fri Nov 21 13:39:42 UTC 2025","","","ServicesUnitTests.ServiceTests.CompetitionServiceTests","ServicesUnitTests.ServiceTests.CompetitionServiceTests.CompetitionServiceTestsCreateCompetitionOK"
"","0","ServicesUnitTests.ValidatorTests.PlayerProfileValidatorTests.CheckAccountCreation(AccountCreationData comp, Boolean expected)","","Fri Nov 21 13:39:42 UTC 2025","passed","Fri Nov 21 13:39:42 UTC 2025","","","ServicesUnitTests.ValidatorTests.PlayerProfileValidatorTests","ServicesUnitTests.ValidatorTests.PlayerProfileValidatorTests.CheckAccountCreation(comp: AccountCreationData { Account = CompetitiveBackend.Core.Objects.Account, Password = 12345678 }, expected: False)"
"","0","ServicesUnitTests.ValidatorTests.PlayerProfileValidatorTests.CheckAccountCreation(AccountCreationData comp, Boolean expected)","","Fri Nov 21 13:39:42 UTC 2025","passed","Fri Nov 21 13:39:42 UTC 2025","","","ServicesUnitTests.ValidatorTests.PlayerProfileValidatorTests","ServicesUnitTests.ValidatorTests.PlayerProfileValidatorTests.CheckAccountCreation(comp: AccountCreationData { Account = CompetitiveBackend.Core.Objects.Account, Password =  }, expected: False)"
"","34","ServicesUnitTests.ServiceTests.PlayerParticipationServiceTests.PlayerParticipationServiceTestsDeleteParticipation","","Fri Nov 21 13:39:42 UTC 2025","passed","Fri Nov 21 13:39:42 UTC 2025","","","ServicesUnitTests.ServiceTests.PlayerParticipationServiceTests","ServicesUnitTests.ServiceTests.PlayerParticipationServiceTests.PlayerParticipationServiceTestsDeleteParticipation"
"","0","ServicesUnitTests.ValidatorTests.PlayerProfileValidatorTests.CheckAccountCreation(AccountCreationData comp, Boolean expected)","","Fri Nov 21 13:39:42 UTC 2025","passed","Fri Nov 21 13:39:42 UTC 2025","","","ServicesUnitTests.ValidatorTests.PlayerProfileValidatorTests","ServicesUnitTests.ValidatorTests.PlayerProfileValidatorTests.CheckAccountCreation(comp: AccountCreationData { Account = CompetitiveBackend.Core.Objects.Account, Password = 12345678 }, expected: False)"
"","6","ServicesUnitTests.ServiceTests.RewardDescriptionServiceTests.RewardDescriptionServiceTestsUpdateRewardDescriptionFailure","","Fri Nov 21 13:39:42 UTC 2025","passed","Fri Nov 21 13:39:42 UTC 2025","","","ServicesUnitTests.ServiceTests.RewardDescriptionServiceTests","ServicesUnitTests.ServiceTests.RewardDescriptionServiceTests.RewardDescriptionServiceTestsUpdateRewardDescriptionFailure"
"","27","ServicesUnitTests.ServiceTests.AuthServiceTests.AuthServiceLogInRepositoryException","","Fri Nov 21 13:39:42 UTC 2025","passed","Fri Nov 21 13:39:42 UTC 2025","","","ServicesUnitTests.ServiceTests.AuthServiceTests","ServicesUnitTests.ServiceTests.AuthServiceTests.AuthServiceLogInRepositoryException"
"","5","ServicesUnitTests.ServiceTests.CompetitionServiceTests.CompetitionServiceTestGetActiveCompetitions","","Fri Nov 21 13:39:42 UTC 2025","passed","Fri Nov 21 13:39:42 UTC 2025","","","ServicesUnitTests.ServiceTests.CompetitionServiceTests","ServicesUnitTests.ServiceTests.CompetitionServiceTests.CompetitionServiceTestGetActiveCompetitions"
"","0","ServicesUnitTests.ValidatorTests.PlayerProfileValidatorTests.CheckPlayerProfile(PlayerProfile comp, Boolean expected)","","Fri Nov 21 13:39:42 UTC 2025","passed","Fri Nov 21 13:39:42 UTC 2025","","","ServicesUnitTests.ValidatorTests.PlayerProfileValidatorTests","ServicesUnitTests.ValidatorTests.PlayerProfileValidatorTests.CheckPlayerProfile(comp: PlayerProfile { Description = ""****************"", Id = 0, Name = ""***"" }, expected: False)"
"","44","ServicesUnitTests.ValidatorTests.CompetitionValidatorTests.CheckOK(Competition comp, Boolean expected)","","Fri Nov 21 13:39:41 UTC 2025","passed","Fri Nov 21 13:39:41 UTC 2025","","","ServicesUnitTests.ValidatorTests.CompetitionValidatorTests","ServicesUnitTests.ValidatorTests.CompetitionValidatorTests.CheckOK(comp: Competition { Description = ""**********"", EndDate = 2025-01-01T01:10:01.0000000, Id = null, Name = ""Abob"", StartDate = 2025-01-01T01:01:01.0000000 }, expected: True)"
"","1","ServicesUnitTests.ValidatorTests.PasswordConstraintTests.LengthPasswordTest(String password, Boolean isValid)","","Fri Nov 21 13:39:42 UTC 2025","passed","Fri Nov 21 13:39:42 UTC 2025","","","ServicesUnitTests.ValidatorTests.PasswordConstraintTests","ServicesUnitTests.ValidatorTests.PasswordConstraintTests.LengthPasswordTest(password: ""1234"", isValid: True)"
"","1329","IntegrationalTests.ParticipationTests.ParticipateDeprecatedAPI","","Fri Nov 21 13:42:06 UTC 2025","passed","Fri Nov 21 13:42:07 UTC 2025","","","IntegrationalTests.ParticipationTests","IntegrationalTests.ParticipationTests.ParticipateDeprecatedAPI"
"","1","ServicesUnitTests.ValidatorTests.PlayerProfileValidatorTests.CheckAccountCreation(AccountCreationData comp, Boolean expected)","","Fri Nov 21 13:39:42 UTC 2025","passed","Fri Nov 21 13:39:42 UTC 2025","","","ServicesUnitTests.ValidatorTests.PlayerProfileValidatorTests","ServicesUnitTests.ValidatorTests.PlayerProfileValidatorTests.CheckAccountCreation(comp: AccountCreationData { Account = CompetitiveBackend.Core.Objects.Account, Password = 123a5678 }, expected: False)"
"","0","ServicesUnitTests.ValidatorTests.PlayerProfileValidatorTests.CheckAccountCreation(AccountCreationData comp, Boolean expected)","","Fri Nov 21 13:39:42 UTC 2025","passed","Fri Nov 21 13:39:42 UTC 2025","","","ServicesUnitTests.ValidatorTests.PlayerProfileValidatorTests","ServicesUnitTests.ValidatorTests.PlayerProfileValidatorTests.CheckAccountCreation(comp: AccountCreationData { Account = CompetitiveBackend.Core.Objects.Account, Password = 12345678a }, expected: True)"
"","0","ServicesUnitTests.ValidatorTests.PlayerProfileValidatorTests.CheckAccountCreation(AccountCreationData comp, Boolean expected)","","Fri Nov 21 13:39:42 UTC 2025","passed","Fri Nov 21 13:39:42 UTC 2025","","","ServicesUnitTests.ValidatorTests.PlayerProfileValidatorTests","ServicesUnitTests.ValidatorTests.PlayerProfileValidatorTests.CheckAccountCreation(comp: AccountCreationData { Account = CompetitiveBackend.Core.Objects.Account, Password = 1234 }, expected: False)"
"","1","ServicesUnitTests.ValidatorTests.PlayerProfileValidatorTests.CheckAccountCreation(AccountCreationData comp, Boolean expected)","","Fri Nov 21 13:39:42 UTC 2025","passed","Fri Nov 21 13:39:42 UTC 2025","","","ServicesUnitTests.ValidatorTests.PlayerProfileValidatorTests","ServicesUnitTests.ValidatorTests.PlayerProfileValidatorTests.CheckAccountCreation(comp: AccountCreationData { Account = CompetitiveBackend.Core.Objects.Account, Password = 1234 }, expected: False)"
"","4","ServicesUnitTests.ServiceTests.AuthServiceTests.AuthServiceLogInBadPassword","","Fri Nov 21 13:39:42 UTC 2025","passed","Fri Nov 21 13:39:42 UTC 2025","","","ServicesUnitTests.ServiceTests.AuthServiceTests","ServicesUnitTests.ServiceTests.AuthServiceTests.AuthServiceLogInBadPassword"
"","4","ServicesUnitTests.ServiceTests.CompetitionServiceTests.CompetitionServiceTestsCreateCompetitionBad1","","Fri Nov 21 13:39:42 UTC 2025","passed","Fri Nov 21 13:39:42 UTC 2025","","","ServicesUnitTests.ServiceTests.CompetitionServiceTests","ServicesUnitTests.ServiceTests.CompetitionServiceTests.CompetitionServiceTestsCreateCompetitionBad1"
"","4","ServicesUnitTests.ServiceTests.PlayerRewardServiceTests.PlayerRewardServiceTestDeleteReward","","Fri Nov 21 13:39:42 UTC 2025","passed","Fri Nov 21 13:39:42 UTC 2025","","","ServicesUnitTests.ServiceTests.PlayerRewardServiceTests","ServicesUnitTests.ServiceTests.PlayerRewardServiceTests.PlayerRewardServiceTestDeleteReward"
"","1","ServicesUnitTests.ValidatorTests.PasswordConstraintTests.LettersPasswordTest(String password, Boolean isValid)","","Fri Nov 21 13:39:42 UTC 2025","passed","Fri Nov 21 13:39:42 UTC 2025","","","ServicesUnitTests.ValidatorTests.PasswordConstraintTests","ServicesUnitTests.ValidatorTests.PasswordConstraintTests.LettersPasswordTest(password: ""12344919293921391293"", isValid: False)"
"","0","ServicesUnitTests.ValidatorTests.PlayerProfileValidatorTests.CheckAccountCreation(AccountCreationData comp, Boolean expected)","","Fri Nov 21 13:39:42 UTC 2025","passed","Fri Nov 21 13:39:42 UTC 2025","","","ServicesUnitTests.ValidatorTests.PlayerProfileValidatorTests","ServicesUnitTests.ValidatorTests.PlayerProfileValidatorTests.CheckAccountCreation(comp: AccountCreationData { Account = CompetitiveBackend.Core.Objects.Account, Password =  }, expected: False)"
"","0","ServicesUnitTests.ValidatorTests.PlayerProfileValidatorTests.CheckAccountCreation(AccountCreationData comp, Boolean expected)","","Fri Nov 21 13:39:42 UTC 2025","passed","Fri Nov 21 13:39:42 UTC 2025","","","ServicesUnitTests.ValidatorTests.PlayerProfileValidatorTests","ServicesUnitTests.ValidatorTests.PlayerProfileValidatorTests.CheckAccountCreation(comp: AccountCreationData { Account = CompetitiveBackend.Core.Objects.Account, Password =  }, expected: False)"
"","6","ServicesUnitTests.ServiceTests.PlayerProfileServiceTests.PlayerProfileServiceUpdatePlayerProfileFailure","","Fri Nov 21 13:39:42 UTC 2025","passed","Fri Nov 21 13:39:42 UTC 2025","","","ServicesUnitTests.ServiceTests.PlayerProfileServiceTests","ServicesUnitTests.ServiceTests.PlayerProfileServiceTests.PlayerProfileServiceUpdatePlayerProfileFailure"
"","2","ServicesUnitTests.ValidatorTests.PlayerProfileValidatorTests.CheckPlayerProfile(PlayerProfile comp, Boolean expected)","","Fri Nov 21 13:39:42 UTC 2025","passed","Fri Nov 21 13:39:42 UTC 2025","","","ServicesUnitTests.ValidatorTests.PlayerProfileValidatorTests","ServicesUnitTests.ValidatorTests.PlayerProfileValidatorTests.CheckPlayerProfile(comp: PlayerProfile { Description = ""*"", Id = 0, Name = ""**********"" }, expected: True)"
"","0","ServicesUnitTests.ValidatorTests.PlayerProfileValidatorTests.CheckAccountCreation(AccountCreationData comp, Boolean expected)","","Fri Nov 21 13:39:42 UTC 2025","passed","Fri Nov 21 13:39:42 UTC 2025","","","ServicesUnitTests.ValidatorTests.PlayerProfileValidatorTests","ServicesUnitTests.ValidatorTests.PlayerProfileValidatorTests.CheckAccountCreation(comp: AccountCreationData { Account = CompetitiveBackend.Core.Objects.Account, Password = 12345678 }, expected: False)"
"","1","ServicesUnitTests.ValidatorTests.PasswordConstraintTests.LengthPasswordTest(String password, Boolean isValid)","","Fri Nov 21 13:39:42 UTC 2025","passed","Fri Nov 21 13:39:42 UTC 2025","","","ServicesUnitTests.ValidatorTests.PasswordConstraintTests","ServicesUnitTests.ValidatorTests.PasswordConstraintTests.LengthPasswordTest(password: ""123"", isValid: False)"
"","38","IntegrationalTests.AuthIntegrationTests.CreateAccountBadPassword(String password)","","Fri Nov 21 13:42:07 UTC 2025","passed","Fri Nov 21 13:42:07 UTC 2025","","","IntegrationalTests.AuthIntegrationTests","IntegrationalTests.AuthIntegrationTests.CreateAccountBadPassword(password: ""123456"")"
"","19","ServicesUnitTests.ValidatorTests.CompetitionValidatorTests.CheckOK(Competition comp, Boolean expected)","","Fri Nov 21 13:39:42 UTC 2025","passed","Fri Nov 21 13:39:42 UTC 2025","","","ServicesUnitTests.ValidatorTests.CompetitionValidatorTests","ServicesUnitTests.ValidatorTests.CompetitionValidatorTests.CheckOK(comp: Competition { Description = ""*********"", EndDate = 2025-01-01T01:10:01.0000000, Id = null, Name = ""Colon"", StartDate = 2025-01-01T01:01:01.0000000 }, expected: False)"
"","0","ServicesUnitTests.ValidatorTests.PlayerProfileValidatorTests.CheckPlayerProfile(PlayerProfile comp, Boolean expected)","","Fri Nov 21 13:39:42 UTC 2025","passed","Fri Nov 21 13:39:42 UTC 2025","","","ServicesUnitTests.ValidatorTests.PlayerProfileValidatorTests","ServicesUnitTests.ValidatorTests.PlayerProfileValidatorTests.CheckPlayerProfile(comp: PlayerProfile { Description = ""****************"", Id = 0, Name = ""****"" }, expected: True)"
"","2","ServicesUnitTests.ServiceTests.AuthServiceTests.AuthServiceCreateAccountFailure","","Fri Nov 21 13:39:42 UTC 2025","passed","Fri Nov 21 13:39:42 UTC 2025","","","ServicesUnitTests.ServiceTests.AuthServiceTests","ServicesUnitTests.ServiceTests.AuthServiceTests.AuthServiceCreateAccountFailure"
"","4","ServicesUnitTests.ServiceTests.CompetitionServiceTests.CompetitionServiceTestUpdateCompetitionOK2","","Fri Nov 21 13:39:42 UTC 2025","passed","Fri Nov 21 13:39:42 UTC 2025","","","ServicesUnitTests.ServiceTests.CompetitionServiceTests","ServicesUnitTests.ServiceTests.CompetitionServiceTests.CompetitionServiceTestUpdateCompetitionOK2"
"","1","ServicesUnitTests.ValidatorTests.PasswordConstraintTests.LettersPasswordTest(String password, Boolean isValid)","","Fri Nov 21 13:39:42 UTC 2025","passed","Fri Nov 21 13:39:42 UTC 2025","","","ServicesUnitTests.ValidatorTests.PasswordConstraintTests","ServicesUnitTests.ValidatorTests.PasswordConstraintTests.LettersPasswordTest(password: ""1234__"", isValid: False)"
"","3","ServicesUnitTests.ServiceTests.RewardDescriptionServiceTests.RewardDescriptionServiceTestsCreateRewardDescriptionFailure","","Fri Nov 21 13:39:42 UTC 2025","passed","Fri Nov 21 13:39:42 UTC 2025","","","ServicesUnitTests.ServiceTests.RewardDescriptionServiceTests","ServicesUnitTests.ServiceTests.RewardDescriptionServiceTests.RewardDescriptionServiceTestsCreateRewardDescriptionFailure"
"","0","ServicesUnitTests.ValidatorTests.PlayerProfileValidatorTests.CheckAccountCreation(AccountCreationData comp, Boolean expected)","","Fri Nov 21 13:39:42 UTC 2025","passed","Fri Nov 21 13:39:42 UTC 2025","","","ServicesUnitTests.ValidatorTests.PlayerProfileValidatorTests","ServicesUnitTests.ValidatorTests.PlayerProfileValidatorTests.CheckAccountCreation(comp: AccountCreationData { Account = CompetitiveBackend.Core.Objects.Account, Password = 123456a }, expected: False)"
"","0","ServicesUnitTests.ValidatorTests.PlayerProfileValidatorTests.CheckAccountCreation(AccountCreationData comp, Boolean expected)","","Fri Nov 21 13:39:42 UTC 2025","passed","Fri Nov 21 13:39:42 UTC 2025","","","ServicesUnitTests.ValidatorTests.PlayerProfileValidatorTests","ServicesUnitTests.ValidatorTests.PlayerProfileValidatorTests.CheckAccountCreation(comp: AccountCreationData { Account = CompetitiveBackend.Core.Objects.Account, Password = 12345678 }, expected: False)"
"","1","ServicesUnitTests.ValidatorTests.PasswordConstraintTests.LettersPasswordTest(String password, Boolean isValid)","","Fri Nov 21 13:39:42 UTC 2025","passed","Fri Nov 21 13:39:42 UTC 2025","","","ServicesUnitTests.ValidatorTests.PasswordConstraintTests","ServicesUnitTests.ValidatorTests.PasswordConstraintTests.LettersPasswordTest(password: ""______"", isValid: False)"
"","3","ServicesUnitTests.ServiceTests.PlayerRewardServiceTests.PlayerRewardServiceTestGrantRewardToPlayerFailure","","Fri Nov 21 13:39:42 UTC 2025","passed","Fri Nov 21 13:39:42 UTC 2025","","","ServicesUnitTests.ServiceTests.PlayerRewardServiceTests","ServicesUnitTests.ServiceTests.PlayerRewardServiceTests.PlayerRewardServiceTestGrantRewardToPlayerFailure"
"","30","IntegrationalTests.PlayerGetInfoTests.GetAccountInfoFailure","","Fri Nov 21 13:42:07 UTC 2025","passed","Fri Nov 21 13:42:07 UTC 2025","","","IntegrationalTests.PlayerGetInfoTests","IntegrationalTests.PlayerGetInfoTests.GetAccountInfoFailure"
"","2","ServicesUnitTests.ServiceTests.CompetitionServiceTests.CompetitionServiceTestUpdateCompetitionBad3","","Fri Nov 21 13:39:42 UTC 2025","passed","Fri Nov 21 13:39:42 UTC 2025","","","ServicesUnitTests.ServiceTests.CompetitionServiceTests","ServicesUnitTests.ServiceTests.CompetitionServiceTests.CompetitionServiceTestUpdateCompetitionBad3"
"","19","ServicesUnitTests.ServiceTests.RewardDescriptionServiceTests.RewardDescriptionServiceTestsGetRewardDescription","","Fri Nov 21 13:39:42 UTC 2025","passed","Fri Nov 21 13:39:42 UTC 2025","","","ServicesUnitTests.ServiceTests.RewardDescriptionServiceTests","ServicesUnitTests.ServiceTests.RewardDescriptionServiceTests.RewardDescriptionServiceTestsGetRewardDescription"
"","34","ServicesUnitTests.ServiceTests.CompetitionRewardServiceTests.CompetitionRewardServiceTestsUpdateCompetitionReward","","Fri Nov 21 13:39:42 UTC 2025","passed","Fri Nov 21 13:39:42 UTC 2025","","","ServicesUnitTests.ServiceTests.CompetitionRewardServiceTests","ServicesUnitTests.ServiceTests.CompetitionRewardServiceTests.CompetitionRewardServiceTestsUpdateCompetitionReward"
"","80","IntegrationalTests.AuthIntegrationTests.CreateAccount","","Fri Nov 21 13:42:07 UTC 2025","passed","Fri Nov 21 13:42:07 UTC 2025","","","IntegrationalTests.AuthIntegrationTests","IntegrationalTests.AuthIntegrationTests.CreateAccount"
"","4","ServicesUnitTests.ServiceTests.CompetitionRewardServiceTests.CompetitionRewardServiceTestsRemoveCompetitionReward(Int32 etalon)","","Fri Nov 21 13:39:42 UTC 2025","passed","Fri Nov 21 13:39:42 UTC 2025","","","ServicesUnitTests.ServiceTests.CompetitionRewardServiceTests","ServicesUnitTests.ServiceTests.CompetitionRewardServiceTests.CompetitionRewardServiceTestsRemoveCompetitionReward(etalon: 2)"
"","0","ServicesUnitTests.ValidatorTests.CompetitionValidatorTests.CheckOK(Competition comp, Boolean expected)","","Fri Nov 21 13:39:42 UTC 2025","passed","Fri Nov 21 13:39:42 UTC 2025","","","ServicesUnitTests.ValidatorTests.CompetitionValidatorTests","ServicesUnitTests.ValidatorTests.CompetitionValidatorTests.CheckOK(comp: Competition { Description = ""**********"", EndDate = 2024-01-01T01:10:01.0000000, Id = null, Name = ""Abondus"", StartDate = 2025-01-01T01:01:01.0000000 }, expected: False)"
"","1","ServicesUnitTests.ValidatorTests.PlayerProfileValidatorTests.CheckPlayerProfile(PlayerProfile comp, Boolean expected)","","Fri Nov 21 13:39:42 UTC 2025","passed","Fri Nov 21 13:39:42 UTC 2025","","","ServicesUnitTests.ValidatorTests.PlayerProfileValidatorTests","ServicesUnitTests.ValidatorTests.PlayerProfileValidatorTests.CheckPlayerProfile(comp: PlayerProfile { Description = ""****************"", Id = 0, Name = ""****************"" }, expected: True)"
"","0","ServicesUnitTests.ValidatorTests.PlayerProfileValidatorTests.CheckPlayerProfile(PlayerProfile comp, Boolean expected)","","Fri Nov 21 13:39:42 UTC 2025","passed","Fri Nov 21 13:39:42 UTC 2025","","","ServicesUnitTests.ValidatorTests.PlayerProfileValidatorTests","ServicesUnitTests.ValidatorTests.PlayerProfileValidatorTests.CheckPlayerProfile(comp: PlayerProfile { Description = ""*"", Id = 0, Name = ""****************"" }, expected: True)"
"","2881","IntegrationalTests.CompetitionRewardsTest.GetRewards","","Fri Nov 21 13:42:05 UTC 2025","passed","Fri Nov 21 13:42:07 UTC 2025","","","IntegrationalTests.CompetitionRewardsTest","IntegrationalTests.CompetitionRewardsTest.GetRewards"
"","1","ServicesUnitTests.ValidatorTests.PasswordConstraintTests.LettersPasswordTest(String password, Boolean isValid)","","Fri Nov 21 13:39:42 UTC 2025","passed","Fri Nov 21 13:39:42 UTC 2025","","","ServicesUnitTests.ValidatorTests.PasswordConstraintTests","ServicesUnitTests.ValidatorTests.PasswordConstraintTests.LettersPasswordTest(password: ""123"", isValid: False)"
"","5","ServicesUnitTests.ServiceTests.CompetitionServiceTests.CompetitionServiceTestUpdateCompetitionOK","","Fri Nov 21 13:39:42 UTC 2025","passed","Fri Nov 21 13:39:42 UTC 2025","","","ServicesUnitTests.ServiceTests.CompetitionServiceTests","ServicesUnitTests.ServiceTests.CompetitionServiceTests.CompetitionServiceTestUpdateCompetitionOK"
"","1","ServicesUnitTests.ServiceTests.CompetitionRewardServiceTests.CompetitionRewardServiceTestsRemoveCompetitionReward(Int32 etalon)","","Fri Nov 21 13:39:42 UTC 2025","passed","Fri Nov 21 13:39:42 UTC 2025","","","ServicesUnitTests.ServiceTests.CompetitionRewardServiceTests","ServicesUnitTests.ServiceTests.CompetitionRewardServiceTests.CompetitionRewardServiceTestsRemoveCompetitionReward(etalon: 5)"
"","6","ServicesUnitTests.ServiceTests.PlayerProfileServiceTests.PlayerProfileServiceUpdatePlayerProfile","","Fri Nov 21 13:39:42 UTC 2025","passed","Fri Nov 21 13:39:42 UTC 2025","","","ServicesUnitTests.ServiceTests.PlayerProfileServiceTests","ServicesUnitTests.ServiceTests.PlayerProfileServiceTests.PlayerProfileServiceUpdatePlayerProfile"
"","715","IntegrationalTests.AuthIntegrationTests.CreateAccountBadNickname(String name)","","Fri Nov 21 13:42:06 UTC 2025","passed","Fri Nov 21 13:42:07 UTC 2025","","","IntegrationalTests.AuthIntegrationTests","IntegrationalTests.AuthIntegrationTests.CreateAccountBadNickname(name: ""****"")"
"","5","ServicesUnitTests.ServiceTests.RewardDescriptionServiceTests.RewardDescriptionServiceTestsGetAllRewardDescriptions","","Fri Nov 21 13:39:42 UTC 2025","passed","Fri Nov 21 13:39:42 UTC 2025","","","ServicesUnitTests.ServiceTests.RewardDescriptionServiceTests","ServicesUnitTests.ServiceTests.RewardDescriptionServiceTests.RewardDescriptionServiceTestsGetAllRewardDescriptions"
"","0","ServicesUnitTests.ValidatorTests.PlayerProfileValidatorTests.CheckAccountCreation(AccountCreationData comp, Boolean expected)","","Fri Nov 21 13:39:42 UTC 2025","passed","Fri Nov 21 13:39:42 UTC 2025","","","ServicesUnitTests.ValidatorTests.PlayerProfileValidatorTests","ServicesUnitTests.ValidatorTests.PlayerProfileValidatorTests.CheckAccountCreation(comp: AccountCreationData { Account = CompetitiveBackend.Core.Objects.Account, Password = 1234 }, expected: False)"
"","0","ServicesUnitTests.ValidatorTests.PlayerProfileValidatorTests.CheckAccountCreation(AccountCreationData comp, Boolean expected)","","Fri Nov 21 13:39:42 UTC 2025","passed","Fri Nov 21 13:39:42 UTC 2025","","","ServicesUnitTests.ValidatorTests.PlayerProfileValidatorTests","ServicesUnitTests.ValidatorTests.PlayerProfileValidatorTests.CheckAccountCreation(comp: AccountCreationData { Account = CompetitiveBackend.Core.Objects.Account, Password = 123a5678 }, expected: True)"
"","0","ServicesUnitTests.ValidatorTests.PlayerProfileValidatorTests.CheckAccountCreation(AccountCreationData comp, Boolean expected)","","Fri Nov 21 13:39:42 UTC 2025","passed","Fri Nov 21 13:39:42 UTC 2025","","","ServicesUnitTests.ValidatorTests.PlayerProfileValidatorTests","ServicesUnitTests.ValidatorTests.PlayerProfileValidatorTests.CheckAccountCreation(comp: AccountCreationData { Account = CompetitiveBackend.Core.Objects.Account, Password = 12345678a }, expected: False)"
"","25","IntegrationalTests.CompetitionIntegrationTests.CompetitionFetchAll","","Fri Nov 21 13:42:07 UTC 2025","passed","Fri Nov 21 13:42:07 UTC 2025","","","IntegrationalTests.CompetitionIntegrationTests","IntegrationalTests.CompetitionIntegrationTests.CompetitionFetchAll"
"","5","ServicesUnitTests.ServiceTests.PlayerProfileServiceTests.PlayerProfileServiceGetPlayerProfile","","Fri Nov 21 13:39:42 UTC 2025","passed","Fri Nov 21 13:39:42 UTC 2025","","","ServicesUnitTests.ServiceTests.PlayerProfileServiceTests","ServicesUnitTests.ServiceTests.PlayerProfileServiceTests.PlayerProfileServiceGetPlayerProfile"
"","0","ServicesUnitTests.ValidatorTests.CompetitionValidatorTests.CheckOK(Competition comp, Boolean expected)","","Fri Nov 21 13:39:42 UTC 2025","passed","Fri Nov 21 13:39:42 UTC 2025","","","ServicesUnitTests.ValidatorTests.CompetitionValidatorTests","ServicesUnitTests.ValidatorTests.CompetitionValidatorTests.CheckOK(comp: Competition { Description = ""************"", EndDate = 2025-01-01T01:10:01.0000000, Id = null, Name = ""Colon"", StartDate = 2025-01-01T01:01:01.0000000 }, expected: False)"
"","0","ServicesUnitTests.ValidatorTests.PlayerProfileValidatorTests.CheckAccount(Account comp, Boolean expected)","","Fri Nov 21 13:39:42 UTC 2025","passed","Fri Nov 21 13:39:42 UTC 2025","","","ServicesUnitTests.ValidatorTests.PlayerProfileValidatorTests","ServicesUnitTests.ValidatorTests.PlayerProfileValidatorTests.CheckAccount(comp: Account { Email = ""modus ponens"", Id = null, Login = ""amo"" }, expected: False)"
"","0","ServicesUnitTests.ValidatorTests.PlayerProfileValidatorTests.CheckAccountCreation(AccountCreationData comp, Boolean expected)","","Fri Nov 21 13:39:42 UTC 2025","passed","Fri Nov 21 13:39:42 UTC 2025","","","ServicesUnitTests.ValidatorTests.PlayerProfileValidatorTests","ServicesUnitTests.ValidatorTests.PlayerProfileValidatorTests.CheckAccountCreation(comp: AccountCreationData { Account = CompetitiveBackend.Core.Objects.Account, Password = 123456a }, expected: False)"
"","1","ServicesUnitTests.ValidatorTests.CompetitionValidatorTests.CheckOK(Competition comp, Boolean expected)","","Fri Nov 21 13:39:42 UTC 2025","passed","Fri Nov 21 13:39:42 UTC 2025","","","ServicesUnitTests.ValidatorTests.CompetitionValidatorTests","ServicesUnitTests.ValidatorTests.CompetitionValidatorTests.CheckOK(comp: Competition { Description = ""***********"", EndDate = 2025-01-01T01:10:01.0000000, Id = null, Name = ""Colon"", StartDate = 2025-01-01T01:01:01.0000000 }, expected: True)"
"","0","ServicesUnitTests.ValidatorTests.PlayerProfileValidatorTests.CheckAccountCreation(AccountCreationData comp, Boolean expected)","","Fri Nov 21 13:39:42 UTC 2025","passed","Fri Nov 21 13:39:42 UTC 2025","","","ServicesUnitTests.ValidatorTests.PlayerProfileValidatorTests","ServicesUnitTests.ValidatorTests.PlayerProfileValidatorTests.CheckAccountCreation(comp: AccountCreationData { Account = CompetitiveBackend.Core.Objects.Account, Password = 123a5678 }, expected: False)"
"","49","IntegrationalTests.CompetitionIntegrationTests.CompetitionFetchPage","","Fri Nov 21 13:42:07 UTC 2025","passed","Fri Nov 21 13:42:07 UTC 2025","","","IntegrationalTests.CompetitionIntegrationTests","IntegrationalTests.CompetitionIntegrationTests.CompetitionFetchPage"
"","0","ServicesUnitTests.ValidatorTests.PlayerProfileValidatorTests.CheckAccountCreation(AccountCreationData comp, Boolean expected)","","Fri Nov 21 13:39:42 UTC 2025","passed","Fri Nov 21 13:39:42 UTC 2025","","","ServicesUnitTests.ValidatorTests.PlayerProfileValidatorTests","ServicesUnitTests.ValidatorTests.PlayerProfileValidatorTests.CheckAccountCreation(comp: AccountCreationData { Account = CompetitiveBackend.Core.Objects.Account, Password = 123a5678 }, expected: True)"
"","2781","IntegrationalTests.CompetitionIntegrationTests.CompetitionFetchOne","","Fri Nov 21 13:42:05 UTC 2025","passed","Fri Nov 21 13:42:07 UTC 2025","","","IntegrationalTests.CompetitionIntegrationTests","IntegrationalTests.CompetitionIntegrationTests.CompetitionFetchOne"
"","0","ServicesUnitTests.ValidatorTests.PlayerProfileValidatorTests.CheckAccountCreation(AccountCreationData comp, Boolean expected)","","Fri Nov 21 13:39:42 UTC 2025","passed","Fri Nov 21 13:39:42 UTC 2025","","","ServicesUnitTests.ValidatorTests.PlayerProfileValidatorTests","ServicesUnitTests.ValidatorTests.PlayerProfileValidatorTests.CheckAccountCreation(comp: AccountCreationData { Account = CompetitiveBackend.Core.Objects.Account, Password = 12345678a }, expected: False)"
"","0","ServicesUnitTests.ValidatorTests.PlayerProfileValidatorTests.CheckAccountCreation(AccountCreationData comp, Boolean expected)","","Fri Nov 21 13:39:42 UTC 2025","passed","Fri Nov 21 13:39:42 UTC 2025","","","ServicesUnitTests.ValidatorTests.PlayerProfileValidatorTests","ServicesUnitTests.ValidatorTests.PlayerProfileValidatorTests.CheckAccountCreation(comp: AccountCreationData { Account = CompetitiveBackend.Core.Objects.Account, Password = 12345678 }, expected: False)"
"","0","ServicesUnitTests.ValidatorTests.PlayerProfileValidatorTests.CheckAccountCreation(AccountCreationData comp, Boolean expected)","","Fri Nov 21 13:39:42 UTC 2025","passed","Fri Nov 21 13:39:42 UTC 2025","","","ServicesUnitTests.ValidatorTests.PlayerProfileValidatorTests","ServicesUnitTests.ValidatorTests.PlayerProfileValidatorTests.CheckAccountCreation(comp: AccountCreationData { Account = CompetitiveBackend.Core.Objects.Account, Password = 12345678a }, expected: False)"
"","4","ServicesUnitTests.ServiceTests.AuthServiceTests.AuthServiceGetSessionToken","","Fri Nov 21 13:39:42 UTC 2025","passed","Fri Nov 21 13:39:42 UTC 2025","","","ServicesUnitTests.ServiceTests.AuthServiceTests","ServicesUnitTests.ServiceTests.AuthServiceTests.AuthServiceGetSessionToken"
"","387","IntegrationalTests.ParticipationTests.ParticipateNoLoggedIn","","Fri Nov 21 13:42:06 UTC 2025","passed","Fri Nov 21 13:42:06 UTC 2025","","","IntegrationalTests.ParticipationTests","IntegrationalTests.ParticipationTests.ParticipateNoLoggedIn"
"","0","ServicesUnitTests.ValidatorTests.PlayerProfileValidatorTests.CheckAccountCreation(AccountCreationData comp, Boolean expected)","","Fri Nov 21 13:39:42 UTC 2025","passed","Fri Nov 21 13:39:42 UTC 2025","","","ServicesUnitTests.ValidatorTests.PlayerProfileValidatorTests","ServicesUnitTests.ValidatorTests.PlayerProfileValidatorTests.CheckAccountCreation(comp: AccountCreationData { Account = CompetitiveBackend.Core.Objects.Account, Password = 123456a }, expected: False)"
"","1","ServicesUnitTests.ValidatorTests.PlayerProfileValidatorTests.CheckAccountCreation(AccountCreationData comp, Boolean expected)","","Fri Nov 21 13:39:42 UTC 2025","passed","Fri Nov 21 13:39:42 UTC 2025","","","ServicesUnitTests.ValidatorTests.PlayerProfileValidatorTests","ServicesUnitTests.ValidatorTests.PlayerProfileValidatorTests.CheckAccountCreation(comp: AccountCreationData { Account = CompetitiveBackend.Core.Objects.Account, Password =  }, expected: False)"
"","0","ServicesUnitTests.ValidatorTests.PlayerProfileValidatorTests.CheckAccountCreation(AccountCreationData comp, Boolean expected)","","Fri Nov 21 13:39:42 UTC 2025","passed","Fri Nov 21 13:39:42 UTC 2025","","","ServicesUnitTests.ValidatorTests.PlayerProfileValidatorTests","ServicesUnitTests.ValidatorTests.PlayerProfileValidatorTests.CheckAccountCreation(comp: AccountCreationData { Account = CompetitiveBackend.Core.Objects.Account, Password = 123456a }, expected: False)"
"","12","ServicesUnitTests.ServiceTests.CompetitionServiceTests.CompetitionServiceTestUpdateCompetitionBad2","","Fri Nov 21 13:39:42 UTC 2025","passed","Fri Nov 21 13:39:42 UTC 2025","","","ServicesUnitTests.ServiceTests.CompetitionServiceTests","ServicesUnitTests.ServiceTests.CompetitionServiceTests.CompetitionServiceTestUpdateCompetitionBad2"
"","1","ServicesUnitTests.ValidatorTests.PlayerProfileValidatorTests.CheckPlayerProfile(PlayerProfile comp, Boolean expected)","","Fri Nov 21 13:39:42 UTC 2025","passed","Fri Nov 21 13:39:42 UTC 2025","","","ServicesUnitTests.ValidatorTests.PlayerProfileValidatorTests","ServicesUnitTests.ValidatorTests.PlayerProfileValidatorTests.CheckPlayerProfile(comp: PlayerProfile { Description = ""*****************"", Id = 0, Name = ""****************"" }, expected: False)"
"","1","ServicesUnitTests.ValidatorTests.PlayerProfileValidatorTests.CheckAccountCreation(AccountCreationData comp, Boolean expected)","","Fri Nov 21 13:39:42 UTC 2025","passed","Fri Nov 21 13:39:42 UTC 2025","","","ServicesUnitTests.ValidatorTests.PlayerProfileValidatorTests","ServicesUnitTests.ValidatorTests.PlayerProfileValidatorTests.CheckAccountCreation(comp: AccountCreationData { Account = CompetitiveBackend.Core.Objects.Account, Password =  }, expected: False)"
"","19","ServicesUnitTests.ServiceTests.CompetitionRewardServiceTests.CompetitionRewardServiceTestsGetCompetitionRewards(Int32 etalon)","","Fri Nov 21 13:39:42 UTC 2025","passed","Fri Nov 21 13:39:42 UTC 2025","","","ServicesUnitTests.ServiceTests.CompetitionRewardServiceTests","ServicesUnitTests.ServiceTests.CompetitionRewardServiceTests.CompetitionRewardServiceTestsGetCompetitionRewards(etalon: 1)"
"","1","ServicesUnitTests.ValidatorTests.PlayerProfileValidatorTests.CheckAccount(Account comp, Boolean expected)","","Fri Nov 21 13:39:42 UTC 2025","passed","Fri Nov 21 13:39:42 UTC 2025","","","ServicesUnitTests.ValidatorTests.PlayerProfileValidatorTests","ServicesUnitTests.ValidatorTests.PlayerProfileValidatorTests.CheckAccount(comp: Account { Email = """", Id = null, Login = ""amogus"" }, expected: True)"
"","3","ServicesUnitTests.ValidatorTests.PasswordConstraintTests.LettersPasswordTest(String password, Boolean isValid)","","Fri Nov 21 13:39:42 UTC 2025","passed","Fri Nov 21 13:39:42 UTC 2025","","","ServicesUnitTests.ValidatorTests.PasswordConstraintTests","ServicesUnitTests.ValidatorTests.PasswordConstraintTests.LettersPasswordTest(password: ""12345A"", isValid: True)"
"","4","ServicesUnitTests.ServiceTests.PlayerRewardServiceTests.PlayerRewardServiceTestGrantRewardToPlayer","","Fri Nov 21 13:39:42 UTC 2025","passed","Fri Nov 21 13:39:42 UTC 2025","","","ServicesUnitTests.ServiceTests.PlayerRewardServiceTests","ServicesUnitTests.ServiceTests.PlayerRewardServiceTests.PlayerRewardServiceTestGrantRewardToPlayer"
"","1","ServicesUnitTests.ServiceTests.CompetitionRewardServiceTests.CompetitionRewardServiceTestsGetCompetitionRewards(Int32 etalon)","","Fri Nov 21 13:39:42 UTC 2025","passed","Fri Nov 21 13:39:42 UTC 2025","","","ServicesUnitTests.ServiceTests.CompetitionRewardServiceTests","ServicesUnitTests.ServiceTests.CompetitionRewardServiceTests.CompetitionRewardServiceTestsGetCompetitionRewards(etalon: 5)"
"","0","ServicesUnitTests.ValidatorTests.PlayerProfileValidatorTests.CheckAccountCreation(AccountCreationData comp, Boolean expected)","","Fri Nov 21 13:39:42 UTC 2025","passed","Fri Nov 21 13:39:42 UTC 2025","","","ServicesUnitTests.ValidatorTests.PlayerProfileValidatorTests","ServicesUnitTests.ValidatorTests.PlayerProfileValidatorTests.CheckAccountCreation(comp: AccountCreationData { Account = CompetitiveBackend.Core.Objects.Account, Password = 12345678a }, expected: False)"
"","7","ServicesUnitTests.ServiceTests.PlayerProfileServiceTests.PlayerProfileServiceUpdatePlayerProfileImage","","Fri Nov 21 13:39:42 UTC 2025","passed","Fri Nov 21 13:39:42 UTC 2025","","","ServicesUnitTests.ServiceTests.PlayerProfileServiceTests","ServicesUnitTests.ServiceTests.PlayerProfileServiceTests.PlayerProfileServiceUpdatePlayerProfileImage"
"","7","ServicesUnitTests.ServiceTests.CompetitionServiceTests.CompetitionServiceTestsCreateCompetitionBad2","","Fri Nov 21 13:39:42 UTC 2025","passed","Fri Nov 21 13:39:42 UTC 2025","","","ServicesUnitTests.ServiceTests.CompetitionServiceTests","ServicesUnitTests.ServiceTests.CompetitionServiceTests.CompetitionServiceTestsCreateCompetitionBad2"
"","2785","IntegrationalTests.CompetitionLeaderboardTexts.GetLeaderboard","","Fri Nov 21 13:42:05 UTC 2025","passed","Fri Nov 21 13:42:07 UTC 2025","","","IntegrationalTests.CompetitionLeaderboardTexts","IntegrationalTests.CompetitionLeaderboardTexts.GetLeaderboard"
"","1","ServicesUnitTests.ValidatorTests.PlayerProfileValidatorTests.CheckAccountCreation(AccountCreationData comp, Boolean expected)","","Fri Nov 21 13:39:42 UTC 2025","passed","Fri Nov 21 13:39:42 UTC 2025","","","ServicesUnitTests.ValidatorTests.PlayerProfileValidatorTests","ServicesUnitTests.ValidatorTests.PlayerProfileValidatorTests.CheckAccountCreation(comp: AccountCreationData { Account = CompetitiveBackend.Core.Objects.Account, Password = 12345678 }, expected: False)"
"","1502","IntegrationalTests.ConflictingLoginTests.ConflictingLogin","","Fri Nov 21 13:42:06 UTC 2025","passed","Fri Nov 21 13:42:07 UTC 2025","","","IntegrationalTests.ConflictingLoginTests","IntegrationalTests.ConflictingLoginTests.ConflictingLogin"
"","4","ServicesUnitTests.ServiceTests.AuthServiceTests.AuthServiceLogInSuccess","","Fri Nov 21 13:39:42 UTC 2025","passed","Fri Nov 21 13:39:42 UTC 2025","","","ServicesUnitTests.ServiceTests.AuthServiceTests","ServicesUnitTests.ServiceTests.AuthServiceTests.AuthServiceLogInSuccess"
"","1542","IntegrationalTests.AuthIntegrationTests.CreateAccountBadNickname(String name)","","Fri Nov 21 13:42:05 UTC 2025","passed","Fri Nov 21 13:42:06 UTC 2025","","","IntegrationalTests.AuthIntegrationTests","IntegrationalTests.AuthIntegrationTests.CreateAccountBadNickname(name: ""thats my login!"")"
"","29","ServicesUnitTests.ServiceTests.PlayerParticipationServiceTests.PlayerParticipationServiceTestsGetPlayerParticipations","","Fri Nov 21 13:39:42 UTC 2025","passed","Fri Nov 21 13:39:42 UTC 2025","","","ServicesUnitTests.ServiceTests.PlayerParticipationServiceTests","ServicesUnitTests.ServiceTests.PlayerParticipationServiceTests.PlayerParticipationServiceTestsGetPlayerParticipations"
"","5","ServicesUnitTests.ServiceTests.RewardDescriptionServiceTests.RewardDescriptionServiceTestsSetRewardIcon","","Fri Nov 21 13:39:42 UTC 2025","passed","Fri Nov 21 13:39:42 UTC 2025","","","ServicesUnitTests.ServiceTests.RewardDescriptionServiceTests","ServicesUnitTests.ServiceTests.RewardDescriptionServiceTests.RewardDescriptionServiceTestsSetRewardIcon"
"","0","ServicesUnitTests.ValidatorTests.PasswordConstraintTests.LettersPasswordTest(String password, Boolean isValid)","","Fri Nov 21 13:39:42 UTC 2025","passed","Fri Nov 21 13:39:42 UTC 2025","","","ServicesUnitTests.ValidatorTests.PasswordConstraintTests","ServicesUnitTests.ValidatorTests.PasswordConstraintTests.LettersPasswordTest(password: ""___A___"", isValid: True)"
"","5","ServicesUnitTests.ValidatorTests.PasswordConstraintTests.LengthPasswordTest(String password, Boolean isValid)","","Fri Nov 21 13:39:42 UTC 2025","passed","Fri Nov 21 13:39:42 UTC 2025","","","ServicesUnitTests.ValidatorTests.PasswordConstraintTests","ServicesUnitTests.ValidatorTests.PasswordConstraintTests.LengthPasswordTest(password: ""12344919293921391293"", isValid: True)"
"","41","IntegrationalTests.AuthIntegrationTests.CreateAccountBadPassword(String password)","","Fri Nov 21 13:42:07 UTC 2025","passed","Fri Nov 21 13:42:07 UTC 2025","","","IntegrationalTests.AuthIntegrationTests","IntegrationalTests.AuthIntegrationTests.CreateAccountBadPassword(password: """")"
"","1","ServicesUnitTests.ValidatorTests.PasswordConstraintTests.LengthPasswordTest(String password, Boolean isValid)","","Fri Nov 21 13:39:42 UTC 2025","passed","Fri Nov 21 13:39:42 UTC 2025","","","ServicesUnitTests.ValidatorTests.PasswordConstraintTests","ServicesUnitTests.ValidatorTests.PasswordConstraintTests.LengthPasswordTest(password: ""12345"", isValid: True)"
"","13","ServicesUnitTests.ServiceTests.PlayerProfileServiceTests.PlayerProfileServiceGetPlayerProfileImage","","Fri Nov 21 13:39:42 UTC 2025","passed","Fri Nov 21 13:39:42 UTC 2025","","","ServicesUnitTests.ServiceTests.PlayerProfileServiceTests","ServicesUnitTests.ServiceTests.PlayerProfileServiceTests.PlayerProfileServiceGetPlayerProfileImage"
"","0","ServicesUnitTests.ValidatorTests.PasswordConstraintTests.LengthPasswordTest(String password, Boolean isValid)","","Fri Nov 21 13:39:42 UTC 2025","passed","Fri Nov 21 13:39:42 UTC 2025","","","ServicesUnitTests.ValidatorTests.PasswordConstraintTests","ServicesUnitTests.ValidatorTests.PasswordConstraintTests.LengthPasswordTest(password: """", isValid: False)"
"","0","ServicesUnitTests.ValidatorTests.PlayerProfileValidatorTests.CheckAccount(Account comp, Boolean expected)","","Fri Nov 21 13:39:42 UTC 2025","passed","Fri Nov 21 13:39:42 UTC 2025","","","ServicesUnitTests.ValidatorTests.PlayerProfileValidatorTests","ServicesUnitTests.ValidatorTests.PlayerProfileValidatorTests.CheckAccount(comp: Account { Email = null, Id = null, Login = ""amog"" }, expected: True)"
"","4","ServicesUnitTests.ServiceTests.RewardDescriptionServiceTests.RewardDescriptionServiceTestsUpdateRewardDescriptionOk2","","Fri Nov 21 13:39:42 UTC 2025","passed","Fri Nov 21 13:39:42 UTC 2025","","","ServicesUnitTests.ServiceTests.RewardDescriptionServiceTests","ServicesUnitTests.ServiceTests.RewardDescriptionServiceTests.RewardDescriptionServiceTestsUpdateRewardDescriptionOk2"
"","13","IntegrationalTests.AuthIntegrationTests.CreateAccountBadPassword(String password)","","Fri Nov 21 13:42:07 UTC 2025","passed","Fri Nov 21 13:42:07 UTC 2025","","","IntegrationalTests.AuthIntegrationTests","IntegrationalTests.AuthIntegrationTests.CreateAccountBadPassword(password: ""abcd"")"
"","9","ServicesUnitTests.ServiceTests.RewardDescriptionServiceTests.RewardDescriptionServiceTestsUpdateRewardDescriptionOk","","Fri Nov 21 13:39:42 UTC 2025","passed","Fri Nov 21 13:39:42 UTC 2025","","","ServicesUnitTests.ServiceTests.RewardDescriptionServiceTests","ServicesUnitTests.ServiceTests.RewardDescriptionServiceTests.RewardDescriptionServiceTestsUpdateRewardDescriptionOk"
"","0","ServicesUnitTests.ValidatorTests.PlayerProfileValidatorTests.CheckAccountCreation(AccountCreationData comp, Boolean expected)","","Fri Nov 21 13:39:42 UTC 2025","passed","Fri Nov 21 13:39:42 UTC 2025","","","ServicesUnitTests.ValidatorTests.PlayerProfileValidatorTests","ServicesUnitTests.ValidatorTests.PlayerProfileValidatorTests.CheckAccountCreation(comp: AccountCreationData { Account = CompetitiveBackend.Core.Objects.Account, Password = 12345678a }, expected: True)"
"","188","IntegrationalTests.AuthIntegrationTests.CreateAccountBadNickname(String name)","","Fri Nov 21 13:42:07 UTC 2025","passed","Fri Nov 21 13:42:07 UTC 2025","","","IntegrationalTests.AuthIntegrationTests","IntegrationalTests.AuthIntegrationTests.CreateAccountBadNickname(name: ""_"")"
"","3","ServicesUnitTests.ServiceTests.CompetitionServiceTests.CompetitionServiceTestGetAllCompetitions","","Fri Nov 21 13:39:42 UTC 2025","passed","Fri Nov 21 13:39:42 UTC 2025","","","ServicesUnitTests.ServiceTests.CompetitionServiceTests","ServicesUnitTests.ServiceTests.CompetitionServiceTests.CompetitionServiceTestGetAllCompetitions"
"","18","IntegrationalTests.CompetitionRewardsTest.ParticipateNoLoggedIn","","Fri Nov 21 13:42:07 UTC 2025","passed","Fri Nov 21 13:42:07 UTC 2025","","","IntegrationalTests.CompetitionRewardsTest","IntegrationalTests.CompetitionRewardsTest.ParticipateNoLoggedIn"
"","4","ServicesUnitTests.ValidatorTests.CompetitionValidatorTests.CheckOK(Competition comp, Boolean expected)","","Fri Nov 21 13:39:42 UTC 2025","passed","Fri Nov 21 13:39:42 UTC 2025","","","ServicesUnitTests.ValidatorTests.CompetitionValidatorTests","ServicesUnitTests.ValidatorTests.CompetitionValidatorTests.CheckOK(comp: Competition { Description = ""**********"", EndDate = 2025-01-01T01:10:01.0000000, Id = null, Name = ""Abo"", StartDate = 2025-01-01T01:01:01.0000000 }, expected: False)"
"","1","ServicesUnitTests.ValidatorTests.PlayerProfileValidatorTests.CheckAccountCreation(AccountCreationData comp, Boolean expected)","","Fri Nov 21 13:39:42 UTC 2025","passed","Fri Nov 21 13:39:42 UTC 2025","","","ServicesUnitTests.ValidatorTests.PlayerProfileValidatorTests","ServicesUnitTests.ValidatorTests.PlayerProfileValidatorTests.CheckAccountCreation(comp: AccountCreationData { Account = CompetitiveBackend.Core.Objects.Account, Password = 123456a }, expected: False)"
"","4","ServicesUnitTests.ServiceTests.CompetitionServiceTests.CompetitionServiceTestUpdateCompetitionBad1","","Fri Nov 21 13:39:42 UTC 2025","passed","Fri Nov 21 13:39:42 UTC 2025","","","ServicesUnitTests.ServiceTests.CompetitionServiceTests","ServicesUnitTests.ServiceTests.CompetitionServiceTests.CompetitionServiceTestUpdateCompetitionBad1"
"","3","ServicesUnitTests.ServiceTests.CompetitionRewardServiceTests.CompetitionRewardServiceTestsCreateCompetitionReward","","Fri Nov 21 13:39:42 UTC 2025","passed","Fri Nov 21 13:39:42 UTC 2025","","","ServicesUnitTests.ServiceTests.CompetitionRewardServiceTests","ServicesUnitTests.ServiceTests.CompetitionRewardServiceTests.CompetitionRewardServiceTestsCreateCompetitionReward"
"","0","ServicesUnitTests.ValidatorTests.PlayerProfileValidatorTests.CheckAccount(Account comp, Boolean expected)","","Fri Nov 21 13:39:42 UTC 2025","passed","Fri Nov 21 13:39:42 UTC 2025","","","ServicesUnitTests.ValidatorTests.PlayerProfileValidatorTests","ServicesUnitTests.ValidatorTests.PlayerProfileValidatorTests.CheckAccount(comp: Account { Email = """", Id = null, Login = ""*****************"" }, expected: False)"
"","0","ServicesUnitTests.ValidatorTests.PlayerProfileValidatorTests.CheckAccount(Account comp, Boolean expected)","","Fri Nov 21 13:39:42 UTC 2025","passed","Fri Nov 21 13:39:42 UTC 2025","","","ServicesUnitTests.ValidatorTests.PlayerProfileValidatorTests","ServicesUnitTests.ValidatorTests.PlayerProfileValidatorTests.CheckAccount(comp: Account { Email = null, Id = null, Login = null }, expected: False)"
"","1","ServicesUnitTests.ValidatorTests.PlayerProfileValidatorTests.CheckAccountCreation(AccountCreationData comp, Boolean expected)","","Fri Nov 21 13:39:42 UTC 2025","passed","Fri Nov 21 13:39:42 UTC 2025","","","ServicesUnitTests.ValidatorTests.PlayerProfileValidatorTests","ServicesUnitTests.ValidatorTests.PlayerProfileValidatorTests.CheckAccountCreation(comp: AccountCreationData { Account = CompetitiveBackend.Core.Objects.Account, Password = 1234 }, expected: False)"
"","1748","IntegrationalTests.PlayerGetInfoTests.GetAccountInfo","","Fri Nov 21 13:42:06 UTC 2025","passed","Fri Nov 21 13:42:07 UTC 2025","","","IntegrationalTests.PlayerGetInfoTests","IntegrationalTests.PlayerGetInfoTests.GetAccountInfo"
"","10","ServicesUnitTests.ValidatorTests.PlayerProfileValidatorTests.CheckAccountCreation(AccountCreationData comp, Boolean expected)","","Fri Nov 21 13:39:42 UTC 2025","passed","Fri Nov 21 13:39:42 UTC 2025","","","ServicesUnitTests.ValidatorTests.PlayerProfileValidatorTests","ServicesUnitTests.ValidatorTests.PlayerProfileValidatorTests.CheckAccountCreation(comp: AccountCreationData { Account = CompetitiveBackend.Core.Objects.Account, Password = 1234 }, expected: False)"
"","186","IntegrationalTests.AuthIntegrationTests.CreateAccountBadNickname(String name)","","Fri Nov 21 13:42:07 UTC 2025","passed","Fri Nov 21 13:42:07 UTC 2025","","","IntegrationalTests.AuthIntegrationTests","IntegrationalTests.AuthIntegrationTests.CreateAccountBadNickname(name: """")"
"","3","ServicesUnitTests.ServiceTests.CompetitionRewardServiceTests.CompetitionRewardServiceTestsGetCompetitionRewards(Int32 etalon)","","Fri Nov 21 13:39:42 UTC 2025","passed","Fri Nov 21 13:39:42 UTC 2025","","","ServicesUnitTests.ServiceTests.CompetitionRewardServiceTests","ServicesUnitTests.ServiceTests.CompetitionRewardServiceTests.CompetitionRewardServiceTestsGetCompetitionRewards(etalon: 2)"
"","0","ServicesUnitTests.ValidatorTests.PlayerProfileValidatorTests.CheckAccountCreation(AccountCreationData comp, Boolean expected)","","Fri Nov 21 13:39:42 UTC 2025","passed","Fri Nov 21 13:39:42 UTC 2025","","","ServicesUnitTests.ValidatorTests.PlayerProfileValidatorTests","ServicesUnitTests.ValidatorTests.PlayerProfileValidatorTests.CheckAccountCreation(comp: AccountCreationData { Account = CompetitiveBackend.Core.Objects.Account, Password =  }, expected: False)"
"","5","ServicesUnitTests.ServiceTests.AuthServiceTests.AuthServiceCreateAccountSuccess","","Fri Nov 21 13:39:42 UTC 2025","passed","Fri Nov 21 13:39:42 UTC 2025","","","ServicesUnitTests.ServiceTests.AuthServiceTests","ServicesUnitTests.ServiceTests.AuthServiceTests.AuthServiceCreateAccountSuccess"
"","0","ServicesUnitTests.ValidatorTests.PlayerProfileValidatorTests.CheckAccountCreation(AccountCreationData comp, Boolean expected)","","Fri Nov 21 13:39:42 UTC 2025","passed","Fri Nov 21 13:39:42 UTC 2025","","","ServicesUnitTests.ValidatorTests.PlayerProfileValidatorTests","ServicesUnitTests.ValidatorTests.PlayerProfileValidatorTests.CheckAccountCreation(comp: AccountCreationData { Account = CompetitiveBackend.Core.Objects.Account, Password = 1234 }, expected: False)"
"","1","ServicesUnitTests.ValidatorTests.PlayerProfileValidatorTests.CheckAccountCreation(AccountCreationData comp, Boolean expected)","","Fri Nov 21 13:39:42 UTC 2025","passed","Fri Nov 21 13:39:42 UTC 2025","","","ServicesUnitTests.ValidatorTests.PlayerProfileValidatorTests","ServicesUnitTests.ValidatorTests.PlayerProfileValidatorTests.CheckAccountCreation(comp: AccountCreationData { Account = CompetitiveBackend.Core.Objects.Account, Password = 123456a }, expected: False)"
"","0","ServicesUnitTests.ValidatorTests.PlayerProfileValidatorTests.CheckAccountCreation(AccountCreationData comp, Boolean expected)","","Fri Nov 21 13:39:42 UTC 2025","passed","Fri Nov 21 13:39:42 UTC 2025","","","ServicesUnitTests.ValidatorTests.PlayerProfileValidatorTests","ServicesUnitTests.ValidatorTests.PlayerProfileValidatorTests.CheckAccountCreation(comp: AccountCreationData { Account = CompetitiveBackend.Core.Objects.Account, Password = 123a5678 }, expected: False)"
